2019,Bazanji
2 Phút Hơn - KAIZ Remix,Pháo KAIZ
24K Magic,Bruno Mars
500 K,Kraftklub
Abstract Skies,Dexxotri
Adderall,BVDLVD
After Dawn,Jaeger Meric
Afterhours feat. Diplo & Nina Sky,TroyBoi Diplo Nina Sky
Again,Wun Two
ALL GIRLS ARE THE SAME,RØNIN
All Saints,The Ninetys
all the good girls go to hell,Billie Eilish
Amnesie,Alligatoah
Angels on My Side,Hippie Sabotage
ANTHEM,Lukrative hyperforms COSMIC Night Grind Noax SYNC vowl. NOIXES
ANTHEM,Aero Chord
ANTHEM II,Lukrative Night Grind COSMIC NOIXES Noax vowl. théos SYNC hyperforms
Any song,ZICO
Apache,BVRNOUT 5oh8
Apex,Far Out
Arch,STRADEUS
Ashes,Stellar
Astray,hélix
Astronaut In The Ocean,Masked Wolf
Asu No Yozora Shoukaihan,Nameless
at the end of summer,cinnamons
Aufstehn! (feat. CeeLo Green),Seeed CeeLo Green
Augenbling,Seeed
Back In Black,AC/DC
Bad Karma,Axel Thesleff
Bad Romance,Lady Gaga
Ballin,2Scratch TAOG
Ballin' (with Roddy Ricch),Mustard Roddy Ricch
Bars No Jutsu,Louis Capone
Bass God,Osias
Beat Slayer,COSMIC
Beautiful - International Mix,Seeed
Behind My Eyes,Apashe LIA
Bitter,FLETCHER Kito
Bittersweet,Nakanojojo Yunomi Kuishinboakachan
Black and White,BOXINBOX MJ Ultra
Black Bimmer - Remix,Linius Kordas
Black Gold - Original Mix,Apashe
Black on Black,ARIUS
Blank Space,Taylor Swift
Blast,Unread Mikebøi
Blood // Water,grandson
Bloodstream,Neoni Jung Youth
Bloody Tides,Stan Tazdied
boy friend,cinnamons
Breaking Me,Topic A7S
Bring Me To Life,Levianth Harley Bird Veronica Bravo
Bruises,Lewis Capaldi
bury a friend,Billie Eilish
Byrd,HDBeenDope
Came to Floss,CryJaxx Jimmy Wit an H Junior Charles
"Can I Love ? (feat. youra, Meego)",Cosmic Boy youra Meego
Can We Kiss Forever?,Kina Adriana Proenza
Can You Feel My Heart,Bring Me The Horizon
Can't Love Myself,Monty Datta Mishaal
Can't Stop,Bazanji
Catharsis,Aether
Centuries,Fall Out Boy
Chop Suey!,System Of A Down
circles!,nekodex
Class 1-A,Rustage Shwabadi DaisyBanaisy Dan Bull VideoGameRapBattles Dreaded Yasuke Savvy Hyuga DizzyEight None Like Joshua GameboyJones NerdOut Connor Rapper Zach Boucher Halacg Nux Taku Rockit Gaming Daddyphatsnaps
Classic,MKTO
Closer,Lemaitre Jennie A.
Colossus,DELP YABØII
Complicate Ya,Otis McDonald
Con Calma,Daddy Yankee Snow
Confession,Sweepz NOIXES
Conquer,Hopex
Copy (Kakashi Rap),Rustage
Counting Stars,OneRepublic
Creatures Lie Here,M.I.K.3 Nicholas Light Efed
Creep - mint Singles,R3HAB GATTÜSO
crossing field,LiSA
Crystal Dolphin,Engelwood
Current,Phoria
Cyberpunk,Max Brhon
Dance,offonoff
Dancehall Caballeros,Seeed
Dancin - Krono Remix,Aaron Smith Luvli Krono
Dawn,Hxlfghoul
Dead,Apashe Yizzy
Dead to Me,Lox Chatterbox
Delirious (Boneless) (feat. Kid Ink),Steve Aoki Chris Lake Tujamo Kid Ink
Delusions,Duke & Jones FJØRA
Demise of a Nation,Secession Studios
Destruction,Sace
Devil Eyes,Hippie Sabotage
Die a King,iamjakehill
Dies Irae feat. Black Prez,Apashe Black Prez
Ding,Seeed
Disowned,Inova
Distance,Apashe Geoffroy
Do I Wanna Know?,Arctic Monkeys
Do You?,TroyBoi
Don't You Know - Radio Edit,Kungs Jamie N Commons
Don't You Worry Child,Swedish House Mafia John Martin
Dope Money,Lox Chatterbox Pep Starling
Down,Hoxa FERGO
Downfall,Trias Calli Boom
Drip,Sace
Drop That Low (When I Dip),Tujamo
DUALITY,hyperforms vowl.
Dynamite,Taio Cruz
Ego - Radio Edit,Willy William
Element,Delp COSTE
Elite,DELP Dieom COSTE YABØII
Empires Lost,Melodysheep
END OF AN ERA,Aton Yaywe TøxikLive Mestxr
Enemy,Tommee Profitt Beacon Light Sam Tinnesz
ERROR,KLOUD
Eternal Youth,RŮDE
"Ever Felt, Pt. 1",Otis McDonald
"Ever Felt, Pt. 2",Otis McDonald
Everybody Dies In Their Nightmares,XXXTENTACION
EVERYDAY ANYONE,N O M I N A L
Everything Black,Unlike Pluto Mike Taylor
Everything Sounds Like A Love Song,X Ambassadors
Exodus,KEDALOS MCTR Lenny STRADEUS Yaguru SL!DE COSMIC Skypierr hélix THROVN
EXTINCT,NØCTRIS
Fall Hard,BRUER
Falling,Trevor Daniel
fast,Sueco
FCKD,Hyper
Fearless,Lost Sky
Fight Back,NEFFEX
Fireflies,Owl City
Fireworks,Furkan Sahin
Flight of the Bumblebee,Rousseau
Flip It (Tisoki Remix) - Bonus Track,Curbi Tisoki
FOREIGN,théos Downtime
Forever,ilyTOMMY
Forget,The Tech Thieves
Forgot About Dre,Dr. Dre Eminem
Forsaken,NOIXES Lox Chatterbox Blvkstn
Freak (feat. REI AMI),Sub Urban REI AMI
Friday Night‬‬‬,Vigiland
Fuck You,CeeLo Green
Gangsta's Paradise,Coolio L.V.
gannicus,sideus AX
GDFR (feat. Sage the Gemini & Lookas),Flo Rida Sage The Gemini Lookas
Get On Up,Big Gigantic
Get Rid of Me,E.P.O No ExpressioN Ozone
"Giorno's Theme (From ""JoJo's Bizarre Adventure"")",VGR
GIRL,cinnamons
"Give Me Everything (feat. Ne-Yo, Afrojack & Nayer)",Pitbull Ne-Yo Afrojack Nayer
Glow,Madcon
Glow - Radio Edit,Madcon
God I Am,J Swey Azide
Godzilla (feat. Juice WRLD),Eminem Juice WRLD
Good News,Apashe
Goodbye (feat. Lyse) - Slow Version,Feder Lyse
Goodbye To A World,Porter Robinson
GOTHAM,Dax
Green Crack,Apashe Wifisfuneral
Gymnopédie No. 1,Rousseau
Hangover,Taio Cruz Flo Rida
Heads Will Roll - A-Trak Remix,Yeah Yeah Yeahs A-Trak
Heart Afire,Defqwop STRIX
Heart Skips a Beat (feat. Rizzle Kicks),Olly Murs Rizzle Kicks
Hellfire,Patrick Page The Hunchback of Notre Dame Ensemble The Hunchback of Notre Dame Choir
Hentai,S3RL
Hero,Noax
Highway to Hell,AC/DC
Hokage,Rustage DizzyEight Dreaded Yasuke Savvy Hyuga Connor Rapper GameboyJones None Like Joshua
Honey Money,Alamo
Hot Milk,Snail's House
Hotaruno Hikari,Anime Project
Hotel Room Service,Pitbull
Hotline Bling,Drake
Houndin,Layto
Humanity,Max Brhon
I Am Defiant,The Seige
I Feel So Bad,Kungs Ephemerals
I Kissed A Girl,Katy Perry
i swear i'll never leave again,keshi
ilomilo,Billie Eilish
I'm Fine,Apashe High Klassified Cherry Lena
I'm The Man,50 Cent Sonny Digital
In Cold Light,Vanbur
In The End - Mellen Gi Remix,Tommee Profitt Fleurie Mellen Gi
In This Shirt,The Irrepressibles
Insane,Apashe Tech N9ne
instagram,DEAN
Javelin,Night Grind Noax
Jocelyn Flores,XXXTENTACION
John Wick Mode,Le Castle Vania
JohnInTheMorning,iamjakehill
JOKER,Dax
July,Noah Cyrus
Killer,Eminem
KNIGHT,PULSE
La Noche De Los Dos,Daddy Yankee Natalia Jiménez
Lacrimosa,Apashe
Last Resort,Papa Roach
last scene,cinnamons
Leave Me Alone,NF
Legend,Apashe SLUMBERJACK Wasiu
Legends Are Made,Sam Tinnesz
Less,Yury
Let Me Down Slowly,Alec Benjamin
Level Up,AENEΛS Delp
Liquid Spirit - Claptone Remix,Gregory Porter Claptone
Living Hell (feat. Blvkstn),Skan Lox Chatterbox M.I.M.E Blvkstn
"Living Life, In The Night",Cheriimoya Sierra Kidd
Locked out of Heaven,Bruno Mars
Look At Me Now (feat. Lil' Wayne & Busta Rhymes),Chris Brown Lil Wayne Busta Rhymes
Lord & Master,Apashe
Lose Control,MEDUZA Becky Hill Goodboys
Lost Umbrella,稲葉曇
Lost Umbrella cover by ERA,Music
Love,Snavs
Love Me,WiDE AWAKE Jacob Banks
Lovell,NVTE
Lover Is a Day,Cuco
Low (feat. T-Pain),Flo Rida T-Pain
Loyal,ODESZA
Majesty,Apashe Wasiu
Mangroves,Shahmen
Mask Off,Future
Mass Hysteria,STRLGHT
Masterplan,Vincent Vendetta
Matrix,Lenny
May I,Chuuwee Trizz
MERCURY,Vrctic KEDALOS
Mercury: Retrograde,Ghostemane
Mi Gente,J Balvin Willy William
Mmmm,TroyBoi
Monster,Nick Bonin
Moonlight,Sdms John Dakolias
Moonlight Sonata - Epic Trailer Version,Hidden Citizens
MORTAL,Skypierr
Movements (feat. Yung Fusion),Pham Yung Fusion
Moves Like Jagger - Studio Recording From The Voice Performance,Maroon 5 Christina Aguilera
My Zone,2Scratch
Naruto,ogxmill
Naruto Shippuden - Girei - Pains Theme,Geek Music
NASA,Ufobirne
Never Letting Go,NIVERSO
Never Stop,Lucky Luke Kordas
New Beginning,Far Out
New Thang,Redfoo
No Cap,Blake and Miles
No Chill (feat. Mr T Lexify),Josh A Mr T Lexify
No Glory (feat. M.I.M.E & Drama B),Skan Krale M.I.M.E Drama B
No Scrubs,TLC
No Time To Die,Billie Eilish
noon,cinnamons
November,Euan Allison
Odyssey,Lukrative SYNC MYSTIC
Okinawa,92914
Omae Wa Mou,deadman 死人
One Dance,Hyperclap
Only You,CHACKK
Ooh Ahh (My Life Be Like) (feat. Toby Mac),Grits TobyMac
Optocell,Really Slow Motion
Osiris,Matstubs Rfen
OTF,Autoerotique Hunter Siegel
Outnumbered,Dermot Kennedy
Outside (feat. Ellie Goulding),Calvin Harris Ellie Goulding
Overdose,KAIBA KAMAARA
Overwhelmed,Royal & the Serpent
Oxygen (feat. BISZ3R),Hopex BISZ3R
Panini,Lil Nas X
Paris,STRADEUS
Paris,Else
Party Rock Anthem,LMFAO Lauren Bennett GoonRock
Payphone,Maroon 5 Wiz Khalifa
Piece Of Your Heart,MEDUZA Goodboys
Pink + White,Frank Ocean
Possessed,KIDNXTDOOR
Prayer in C - Robin Schulz Remix,Lilly Wood and The Prick Robin Schulz
Pump It Up (feat. Bright Lights),JUDICI Molinoir Bright Lights
Pumped Up Kicks,Foster The People
Pumpkins Scream In the Dead of Night (feat. shinigami),Savage Ga$p 93FEETOFSMOKE shinigami
Purple Hat,Sofi Tukker
Push It,Salt-N-Pepa
Rain,Apashe KROY
Reborn,GRIM Webster
Remember the Name (feat. Styles of Beyond),Fort Minor Styles Of Beyond
Rhythm Is A Dancer,SNAP!
Riot,Hollywood Undead
Rip X,iamjakehill
Roses - Imanbek Remix,SAINt JHN Imanbek
ROXANNE,Arizona Zervas
Rumors,NEFFEX
RUTHLESS,PULSE Eternal Raijin
S&M,Rihanna
Sacred,Lenny Osias
Sad (feat. Afrojack),Chico Rose Afrojack
Safe And Sound,Capital Cities
Sail,AWOLNATION
Sail Away,Skan
Sailors,eaup Yestalgia
Samurai,Azide J Swey
Sasuke,Rustage
Satisfya,Imran Khan
See Me Fall - Y2K Remix,Ro Ransom Y2K
Senpai (feat. Hentai Dude),Shiki-TMNS Hentai Dude
Shonen Jump,Rustage Fabvl None Like Joshua Connor Quest! Eddie Rath iBringDaLULZ Cdawgva Zach Boucher Shwabadi Divide Music GameboyJones Shao Dow DizzyEight FrivolousShara DiggzDaProphecy Dreaded Yasuke BassedOlaf Daddyphatsnaps
Shoot to Thrill,AC/DC
Shoot to Thrill,AC/DC
Shotgun,George Ezra
Shred,Bodykit
Sign,FLOW
Sinne,Sarhad
Sinners X Saints,STRADEUS
Sirens,HYPEER DELP
Snowman,WYS
So Say We All,Audiomachine
Solo,Prismo
Spoiler - Original Mix,Hyper
Stars,VVSV
Still Don't Know My Name,Labrinth
Stronger,TheFatRat Slaydit Anjulie
Stronger,The Score
Stronger - Raiko Remix,Prismo Raiko
Such a Whore (Stellular Remix),JVLA
Suddenly,YABØII
SUGA's Interlude,Halsey SUGA BTS
Suicide!,Somber
summertime,cinnamons evening cinema
Sunday Best,Surfaces
Superlife,Lox Chatterbox 2Scratch
Survivor,2WEI Edda Hayes
Switch Up,COSMIC hyperforms
T.N.T.,AC/DC
Tadow,Masego FKJ
Take A Pill,Mike Vallas
Take It,Unknown Brain ThatBehavior RIELL J.O.Y
Take Me Away,Somber Warlord Colossus
Talk Dirty (feat. 2 Chainz),Jason Derulo 2 Chainz
Tartarus,Jurgaz
Teenage Dirtbag,Wheatus
Teeth,5 Seconds of Summer
Tension,Onur Ormen COSMIC Skypierr
"That's My N**** (with Meek Mill, YG & Snoop Dogg)",Meek Mill YG Snoop Dogg
The Box,Roddy Ricch
The City,Veorra
The End,Noax
The Greatest Show,Panic! At The Disco
The Groove,Fabian Mazur
THE HILLS,KLOUD
THE HIVE,KLOUD
The House of the Rising Sun,The Animals
The Louvre,Lorde
The Piano (Original Mix),E.Y. Beats
The Power,SNAP!
The Search,NF
The Search,NF
The Wisp Sings,Winter Aid
Therapy,Conro
Thinkin Bout You,KATIE
This Girl (Kungs Vs. Cookin' On 3 Burners),Kungs Cookin' On 3 Burners
This Is My Summer,Liex Lumia
Thoughts,Loud
Thrift Shop (feat. Wanz),Macklemore Ryan Lewis Wanz
Thunder,Osias
Thunderstruck,AC/DC
TiK ToK,Kesha
Timber (feat. Ke$ha),Pitbull Kesha
TITANS,DELP COSTE HYPEER Tulip Hxlfghoul YABØII Dieom MYSTIC
To Be Loved,Askjell AURORA
Toccata,OVERWERK
Tokyo Drift,KVSH
"Tokyo Drift (Fast & Furious) - From ""The Fast And The Furious: Tokyo Drift"" Soundtrack",Teriyaki Boyz
tremor,vowl.
TSUNAMI,SLIGHT
Turtle Ship,Ghasper
U,Jarico
Uebok Gotta Run,Apashe INSTASAMKA
UK Accent,Fabian Mazur
Ultimate,Denzel Curry
Underworld,Unaverage Gang
unravel,TK from Ling tosite sigure
Valhalla,Lenny
Vampire 2.0,Osias Hxlfghoul
Vans - King Kavalier Remix,Arrested Youth King Kavalier
Vintage,NOIXES
VIOLENT,Dieom
Virm,Anbuu
W.S.Y.L.M.,Biddl3
Wait (The Whisper Song),Ying Yang Twins
Walk,Kwabs
War Zone,Unknown Brain M.I.M.E
Warriors,League of Legends 2WEI Edda Hayes
We Are Love,Don Diablo
We Won't Stop,Dexxotri
"WHATS POPPIN (feat. DaBaby, Tory Lanez & Lil Wayne) - Remix",Jack Harlow Tory Lanez DaBaby Lil Wayne
when the party's over,Billie Eilish
Whistle,Flo Rida
White Flag,Delta Heavy
Who We Want to Be,Tom Day
Who Would've Thought,CryJaxx Reeck Drama B
Wicked Memories,Lucas Wintz
Willst du,Alligatoah
wish you were gay,Billie Eilish
Work,Apashe Vo Williams
Wrath,Noax
Yeah Right,M.I.M.E Born I
Yeah! (feat. Lil Jon & Ludacris),Usher Lil Jon Ludacris
Yoros,Yusuf Alev
Yoshimitsu,TOMYGONE BEATSMASH
You & I,Seeed
You Should've Known,Hopsin Dax
You're Somebody Else,flora cash
это ли счастье?,Rauf & Faik
ブルーバード,Ikimonogakari
ホタルノヒカリ,Ikimonogakari
